"Name","Title","Location"
"Gabby George","Business Analyst","Minneapolis"
"Aiden Lloyd","Business Consultant for an International Company and CEO of Tony's Burger Palace","Dallas"
"Jaden Collins","Attorney","Santa Ana"
"Franky Rees","Business Analyst","St. Petersburg"
"Aaren Rose","","Toledo"
"Johnny Jones","Business Analyst","St. Petersburg"
"Jimmy Johns","Business Analyst","Baltimore"
"Jack Jackson","Business Analyst","El Paso"
"Joe Jones","Computer Programmer","El Paso"
"Jacky Jackson","Business Consultant","Baltimore"
"Jo Jo","Software Developer","Washington DC"
"Donna Marie","Business Manager","Annapolis"